meal_name,ingredients,calories_per_serving,carbs,proteins,fats,diet_type,meal_time,serving_size,region,cost_per_serving_in_inr
Rajma Chawal,"Kidney Beans, Rice, Tomato, Onion, Garlic, Spices",385,60,12,8,Vegetarian,,1 medium plate,Punjabi,40
Chole Bhature,"Chickpeas, Refined Flour, Spices, Onion",450,55,15,18,Vegetarian,,1 plate,Punjabi,50
Aloo Paratha,"Wheat Flour, Potato, Spices, Butter",290,35,6,12,Vegetarian,,1 paratha,Punjabi,25
Palak Paneer,"Spinach, Paneer, Onion, Tomato, Spices",300,14,16,18,Vegetarian,,1 bowl,Punjabi,45
Butter Chicken,"Chicken, Butter, Cream, Tomato, Spices",490,18,28,32,Non-Vegetarian,dinner,1 bowl,Punjabi,80
Baingan Bharta,"Eggplant, Onion, Tomato, Spices",180,15,4,10,Vegetarian,,1 bowl,Punjabi,20
Dal Makhani,"Black Lentils, Cream, Butter, Spices",320,26,14,18,Vegetarian,,1 bowl,Punjabi,35
Paneer Butter Masala,"Paneer, Tomato, Cream, Spices",400,20,14,30,Vegetarian,,1 bowl,Punjabi,60
Kadhi Pakora,"Besan, Curd, Spices, Onion",260,20,8,16,Vegetarian,,1 bowl,Punjabi,30
Pav Bhaji,"Potato, Mixed Vegetables, Butter, Pav",420,45,9,20,Vegetarian,,1 plate,North Indian,40
Litti Chokha,"Wheat Flour, Sattu, Brinjal, Potato, Tomato",360,50,10,12,Vegetarian,,3 littis with chokha,Bihari,25
Samosa,"Refined Flour, Potato, Peas, Spices",150,20,3,8,Vegetarian,breakfast/snacks,1 piece,North Indian,10
Puri Sabzi,"Wheat Flour, Potato, Spices",330,40,5,15,Vegetarian,,4 puris + sabzi,North Indian,35
Kachori Aloo,"Refined Flour, Urad Dal, Potato, Spices",400,45,6,22,Vegetarian,,2 kachori + sabzi,UP/Bihari,30
Chicken Curry,"Chicken, Onion, Tomato, Spices",420,12,26,28,Non-Vegetarian,,1 bowl,UP/Bihari,70
Tandoori Roti,Wheat Flour,100,20,3,1,Vegetarian,,1 roti,Punjabi,8
Jeera Rice,"Basmati Rice, Cumin, Ghee",220,40,4,5,Vegetarian,,1 plate,North Indian,20
Boondi Raita,"Curd, Boondi, Spices",150,8,6,8,Vegetarian,,1 bowl,North Indian,15
Vegetable Pulao,"Rice, Vegetables, Spices",280,42,6,10,Vegetarian,,1 plate,North Indian,30
Chana Masala,"Chickpeas, Tomato, Onion, Spices",310,34,12,10,Vegetarian,,1 bowl,North Indian,30
Tandoori Chicken,"Chicken, Yogurt, Lemon, Ginger, Garlic, Spices",250,27,13,3,Non-Vegetarian,dinner,2 pieces,Punjabi,180
Chole Bhature,"Chickpeas, Bhatura, Spices, Onion, Ginger, Garlic",450,12,15,50,Vegetarian,breakfast/lunch,1 plate,Punjabi,120
Palak Paneer,"Spinach, Paneer, Onion, Tomato, Spices, Cream",320,14,24,10,Vegetarian,,1 bowl,Punjabi,100
Rajma Chawal,"Kidney Beans, Rice, Tomato, Onion, Garlic, Spices",390,13,10,60,Vegetarian,,1 plate,Punjabi,90
Butter Chicken,"Chicken, Butter, Cream, Tomato, Spices, Cashew Nuts",450,30,35,10,Non-Vegetarian,dinner,1 bowl,Punjabi,150
Mutton Rogan Josh,"Mutton, Yogurt, Ginger, Garlic, Kashmiri Chili, Spices",480,28,38,8,Non-Vegetarian,dinner,1 bowl,Kashmiri,180
Paneer Butter Masala,"Paneer, Tomato, Cream, Spices, Butter",400,17,33,12,Vegetarian,,1 bowl,Punjabi,110
Dal Tadka,"Lentils, Tomato, Onion, Garlic, Spices, Ghee",210,10,8,20,Vegetarian,,1 bowl,North Indian,60
Aloo Paratha,"Wheat Flour, Potato, Spices, Butter, Ghee",280,5,10,40,Vegetarian,breakfast,1 paratha,Punjabi,30
Baingan Bharta,"Eggplant, Onion, Tomato, Spices, Mustard Oil",150,4,7,10,Vegetarian,,1 bowl,UP/Bihari,25
Kadhi Pakora,"Besan, Curd, Spices, Onion, Fenugreek Seeds",220,6,14,18,Vegetarian,,1 bowl,North Indian,35
Masoor Dal,"Red Lentils, Tomato, Onion, Garlic, Spices, Ghee",200,9,6,28,Vegetarian,,1 bowl,North Indian,20
Chicken Biryani,"Basmati Rice, Chicken, Yogurt, Ginger, Garlic, Spices",500,24,22,45,Non-Vegetarian,dinner,1 plate,Lucknowi,140
Vegetable Biryani,"Basmati Rice, Mixed Vegetables, Yogurt, Ginger, Garlic, Spices",420,9,15,55,Vegetarian,,1 plate,Lucknowi,100
Aloo Gobi,"Potato, Cauliflower, Onion, Tomato, Spices",180,3,8,22,Vegetarian,,1 bowl,Punjabi,20
Puri Sabzi,"Wheat Flour, Potato, Spices, Oil",330,4,18,38,Vegetarian,,4 puris + sabzi,North Indian,40
Besan Chilla,"Besan, Onion, Tomato, Spices, Coriander",180,7,5,20,Vegetarian,breakfast/snacks,2 chillas,North Indian,15
Pav Bhaji,"Potato, Mixed Vegetables, Butter, Pav, Spices",400,8,22,45,Vegetarian,,1 plate,Maharashtrian,35
Kachori,"Refined Flour, Urad Dal, Spices, Oil",300,6,18,30,Vegetarian,,2 kachoris,Rajasthan,25
Litti Chokha,"Wheat Flour, Sattu, Brinjal, Potato, Tomato, Spices",320,8,15,35,Vegetarian,,3 littis with chokha,Bihari,30
Moong Dal Chilla,"Moong Dal, Onion, Tomato, Spices, Coriander",170,9,4,18,Vegetarian,breakfast/snacks,2 chillas,North Indian,18
Bhindi Masala,"Okra, Onion, Tomato, Spices, Amchur Powder",140,3,10,10,Vegetarian,,1 bowl,North Indian,22
Tandoori Roti,"Wheat Flour, Water, Salt, Ghee",120,3,1,23,Vegetarian,,1 roti,Punjabi,10
Jeera Rice,"Basmati Rice, Cumin Seeds, Ghee, Spices",210,4,6,35,Vegetarian,,1 plate,North Indian,18
Paneer Tikka,"Paneer, Yogurt, Ginger, Garlic, Spices",280,18,20,8,Vegetarian,snacks,6 pieces,Punjabi,90
Methi Thepla,"Wheat Flour, Fenugreek Leaves, Spices, Yogurt",160,4,8,20,Vegetarian,breakfast,2 theplas,Gujarati,15
Samosa,"Refined Flour, Potato, Peas, Spices, Oil",250,4,16,25,Vegetarian,snacks,2 samosas,North Indian,15
Gajar Halwa,"Carrots, Milk, Sugar, Ghee, Cashews, Raisins",300,5,18,30,Vegetarian,dessert,1 bowl,North Indian,40
Haldi Doodh,"Milk, Turmeric, Ginger, Honey, Spices",180,6,8,12,Vegetarian,beverage,1 cup,North Indian,18
Dhokla,"Besan, Semolina, Yogurt, Ginger, Green Chili",150,5,4,20,Vegetarian,breakfast/snacks,4 pieces,Gujarati,10
Machher Jhol,"Fish, Potato, Tomato, Spices",220,10,20,10,Non-Vegetarian,,1 bowl,Bengali,60
Pork jarpaa jurpie,"Pork, Potatoes, Vegetables",300,15,25,15,Non-Vegetarian,,1 plate,Nepalese,80
Chak-Hao Kheer,"Black Rice, Milk, Sugar, Cardamom",250,30,5,10,Vegetarian,dessert,1 bowl,North East,50
Galho,"Rice, Vegetables, Meat, Spices",280,35,15,10,Non-Vegetarian,,1 bowl,North East,70
Achari baingan,"Eggplant, Pickling Spices, Oil",160,12,3,10,Vegetarian,,1 bowl,North Indian,25
Aloo gobi,"Potato, Cauliflower, Spices, Onion, Tomato",150,10,3,8,Vegetarian,,1 bowl,North Indian,20
Aloo tikki,"Potato, Spices, Breadcrumbs",120,15,2,5,Vegetarian,snacks,2 tikkis,North Indian,15
Aloo tuk,"Potato, Spices, Oil",180,20,2,10,Vegetarian,,1 plate,Sindhi,30
Aloo matar,"Potato, Peas, Spices, Onion, Tomato",140,10,3,7,Vegetarian,,1 bowl,North Indian,20
Aloo kulcha,"Potato, Wheat Flour, Spices, Butter",250,30,5,10,Vegetarian,,1 kulcha,Punjabi,30
Aloo methi,"Potato, Fenugreek Leaves, Spices",130,8,3,6,Vegetarian,,1 bowl,North Indian,20
Aloo shimla mirch,"Potato, Capsicum, Spices, Onion, Tomato",140,10,3,7,Vegetarian,,1 bowl,North Indian,20
Amriti with rabdi,"Lentil Flour, Sugar Syrup, Rabdi",350,40,5,20,Vegetarian,dessert,1 plate,North Indian,50
Talit Macchi (Indian fish fry),"Fish, Spices, Semolina",200,5,20,10,Non-Vegetarian,snacks,2 pieces,Goan,70
Baati,"Wheat Flour, Ghee",200,30,5,5,Vegetarian,,1 baati,Rajasthani,20
Bhatura,"Refined Flour, Yogurt, Oil",250,30,5,10,Vegetarian,,1 bhatura,Punjabi,30
Bhindi masala,"Okra, Spices, Onion, Tomato",140,10,3,7,Vegetarian,,1 bowl,North Indian,22
Biryani,"Rice, Meat/Vegetables, Spices",450,40,20,20,Non-Vegetarian/Vegetarian,,1 plate,Mughlai,120
Butter chicken,"Chicken, Butter, Cream, Tomato, Spices",350,15,25,20,Non-Vegetarian,,1 bowl,North Indian,80
Chaat,"Potato, Chickpeas, Yogurt, Spices",200,25,5,8,Vegetarian,snacks,1 plate,North Indian,30
Chana masala,"Chickpeas, Spices, Onion, Tomato",220,30,10,5,Vegetarian,,1 bowl,North Indian,30
Chapati,Wheat Flour,80,15,3,1,Vegetarian,,1 chapati,North Indian,5
Chicken razala,"Chicken, Yogurt, Poppy Seeds, Cashew Nuts",380,15,30,20,Non-Vegetarian,,1 bowl,Bengali,90
Chicken Tikka,"Chicken, Yogurt, Spices",250,10,30,10,Non-Vegetarian,snacks,4 pieces,Punjabi,80
Chicken Tikka masala,"Chicken Tikka, Tomato Sauce, Cream, Spices",350,15,25,20,Non-Vegetarian,,1 bowl,North Indian,100
Chole bhature,"Chickpeas, Bhatura, Spices",400,40,15,20,Vegetarian,,1 plate,Punjabi,50
Daal baati churma,"Lentils, Wheat Balls, Sweetened Crushed Wheat",500,60,20,20,Vegetarian,,1 plate,Rajasthani,80
Daal puri,"Lentils, Wheat Flour, Spices",200,25,5,8,Vegetarian,,2 puris,Bengali,30
Dal makhani (kali dal),"Black Lentils, Cream, Butter, Spices",350,25,15,20,Vegetarian,,1 bowl,North Indian,40
Dal fara,"Lentils, Rice Flour, Spices",150,20,5,3,Vegetarian,,2 pieces,UP/Bihari,25
Dal,"Lentils, Spices",150,20,10,3,Vegetarian,,1 bowl,North Indian,20
Dal fry with tadka,"Lentils, Spices, Ghee",200,25,10,5,Vegetarian,,1 bowl,North Indian,25
Dum aloo,"Potato, Spices, Yogurt",250,30,5,10,Vegetarian,,1 bowl,Kashmiri,40
Poha,"Flattened Rice, Spices, Onion",200,30,5,5,Vegetarian,breakfast,1 plate,Maharashtrian,25
Fara,"Lentils, Wheat Flour, Spices",150,20,5,3,Vegetarian,,2 pieces,UP/Bihari,25
Phirni,"Rice, Milk, Sugar, Nuts",250,30,5,10,Vegetarian,dessert,1 bowl,North Indian,40
Aloo Phalliyaan,"Potatoes, Green Beans, Spices",150,15,3,8,Vegetarian,,1 bowl,Rajasthani,25
Gajar Pak,"Carrots, Milk, Sugar, Ghee",300,35,5,15,Vegetarian,dessert,1 bowl,North Indian,40
Gatte ki Sabzi,"Gram Flour, Yogurt, Spices",220,20,8,12,Vegetarian,,1 bowl,Rajasthani,35
Gajar matar aloo,"Carrots, Peas, Potato, Spices",140,10,3,7,Vegetarian,,1 bowl,North Indian,20
Gobhi matar,"Cauliflower, Peas, Spices",130,10,3,6,Vegetarian,,1 bowl,North Indian,20
Imarti,"Lentil Flour, Sugar Syrup",200,25,2,10,Vegetarian,dessert,1 piece,North Indian,30
Hari mutter ka nimona,"Green Peas, Spices",150,15,5,5,Vegetarian,,1 bowl,UP,25
Jalebi,"Refined Flour, Sugar Syrup",150,20,2,8,Vegetarian,dessert,1 piece,North Indian,20
Jaleba,"Refined Flour, Sugar Syrup",200,25,2,10,Vegetarian,dessert,1 piece,North Indian,30
Kachori,"Refined Flour, Lentils, Spices",250,30,5,10,Vegetarian,snacks,2 kachoris,Rajasthan,25
Kadai paneer,"Paneer, Capsicum, Spices, Onion, Tomato",280,15,20,15,Vegetarian,,1 bowl,North Indian,45
Kadhi pakoda,"Yogurt, Gram Flour, Spices",200,20,5,10,Vegetarian,,1 bowl,North Indian,30
Karela bharta,"Bitter Gourd, Spices, Onion",120,10,3,5,Vegetarian,,1 bowl,North Indian,20
Katha meetha petha / kaddu halwa,"Pumpkin, Sugar, Spices",200,25,2,10,Vegetarian,dessert,1 bowl,North Indian,30
Kheer,"Rice, Milk, Sugar, Nuts",250,30,5,10,Vegetarian,dessert,1 bowl,North Indian,40
Khichdi,"Rice, Lentils, Spices",200,30,10,3,Vegetarian,,1 plate,North Indian,30
Kadhi and Khichdi,"Yogurt, Gram Flour, Spices, Rice, Lentils",300,35,10,10,Vegetarian,,1 plate,North Indian,40
Kofta,"Potato, Paneer, Spices",250,30,5,10,Vegetarian,,2 koftas,North Indian,40
Kulfi falooda,"Milk, Sugar, Falooda, Nuts",300,35,5,15,Vegetarian,dessert,1 glass,North Indian,50
Laapsi,"Cracked Wheat, Jaggery, Ghee",300,40,5,10,Vegetarian,dessert,1 bowl,Gujarati,40
Lauki ke kofte,"Bottle Gourd, Gram Flour, Spices",200,20,5,10,Vegetarian,,2 koftas,North Indian,30
Lauki ki bhaaji,"Bottle Gourd, Spices",100,8,2,5,Vegetarian,,1 bowl,North Indian,15
Litti chokha,"Wheat Flour, Sattu, Brinjal, Potato, Tomato, Spices",320,40,10,10,Vegetarian,,1 plate,Bihari,40
Makhaan ka kheer,"Corn, Milk, Sugar",280,35,5,12,Vegetarian,dessert,1 bowl,Himachal Pradesh,50
"Makki ki roti, sarson ka saag","Corn Flour, Mustard Leaves, Spices",400,40,15,20,Vegetarian,,1 plate,Punjabi,60
Mathura ke pede,"Milk, Sugar",200,25,5,8,Vegetarian,dessert,2 pieces,UP,30
"Methi saag, chaulai saag","Fenugreek Leaves, Spinach, Spices",100,8,2,5,Vegetarian,,1 bowl,North Indian,15
Millet Lapsi,"Millet, Jaggery, Ghee",320,45,5,12,Vegetarian,dessert,1 bowl,Rajasthan,45
Mirchi Bada,"Chili, Potato, Spices",150,20,2,8,Vegetarian,snacks,1 piece,Rajasthan,20
Missi roti,"Gram Flour, Wheat Flour, Spices",150,20,5,3,Vegetarian,,1 roti,Rajasthani,20
Mixed vegetable,"Mixed Vegetables, Spices, Onion, Tomato",150,10,3,8,Vegetarian,,1 bowl,North Indian,25
Moong dal ki Lapsi,"Moong Dal, Jaggery, Ghee",320,45,5,12,Vegetarian,dessert,1 bowl,Rajasthan,45
Murgh musallam,"Chicken, Spices, Dry Fruits",600,20,40,40,Non-Vegetarian,,1 whole chicken,Awadhi,250
Mushroom do pyaza (Kanda Khumb),"Mushroom, Onion, Spices",200,10,8,12,Vegetarian,,1 bowl,North Indian,35
Mushroom matar (Matar Khumb),"Mushroom, Peas, Spices",180,10,8,10,Vegetarian,,1 bowl,North Indian,30
Naan,"Refined Flour, Yeast, Butter",200,30,5,5,Vegetarian,,1 naan,North Indian,25
Navrattan korma,"Mixed Vegetables, Dry Fruits, Cream, Spices",300,20,8,20,Vegetarian,,1 bowl,Mughlai,50
Pakhala,"Rice, Yogurt, Water",100,20,2,1,Vegetarian,,1 plate,Odia,15
Palak paneer,"Spinach, Paneer, Spices",250,10,15,15,Vegetarian,,1 bowl,North Indian,40
Paneer butter masala,"Paneer, Tomato, Butter, Cream, Spices",300,15,15,20,Vegetarian,,1 bowl,North Indian,50
Paneer tikka masala,"Paneer Tikka, Tomato Sauce, Cream, Spices",350,15,20,20,Vegetarian,,1 bowl,North Indian,60
Pani puri,"Semolina, Potato, Spices, Tamarind Water",100,15,2,3,Vegetarian,snacks,6 puris,North Indian,15
Panjeeri,"Wheat Flour, Sugar, Ghee, Dry Fruits",300,35,5,15,Vegetarian,dessert,1 bowl,Punjabi,40
Papad,"Lentil Flour, Spices",50,10,2,1,Vegetarian,snacks,1 papad,North Indian,5
Paratha,"Wheat Flour, Ghee",150,20,3,5,Vegetarian,,1 paratha,North Indian,20
Pattor,"Colocasia Leaves, Gram Flour, Spices",150,15,3,8,Vegetarian,,2 pieces,Himachal Pradesh,25
Phirni,"Rice, Milk, Sugar, Nuts",250,30,5,10,Vegetarian,dessert,1 bowl,North Indian,40
Pinni,"Wheat Flour, Sugar, Ghee, Dry Fruits",350,40,5,20,Vegetarian,dessert,1 piece,Punjabi,50
Rajma chaval,"Kidney Beans, Rice",300,40,10,8,Vegetarian,,1 plate,North Indian,40
Rajma,"Kidney Beans, Spices",200,25,10,3,Vegetarian,,1 bowl,North Indian,30
Ramatori bhaaji,"Ramatori, Spices",80,8,2,3,Vegetarian,,1 bowl,Uttarakhand,15
Lobiya,"Black Eyed Peas, Spices",180,20,8,5,Vegetarian,,1 bowl,North Indian,25
Samosa,"Refined Flour, Potato, Peas, Spices",150,20,3,8,Vegetarian,snacks,1 samosa,North Indian,10
Samose,"Refined Flour, Potato, Peas, Spices",150,20,3,8,Vegetarian,snacks,1 samosa,North Indian,10
Sattu ki roti,"Gram Flour, Wheat Flour, Spices",150,20,5,3,Vegetarian,,1 roti,Bihari,20
Rajwadi Chhena/Paneer,Milk Solids,200,10,15,10,Vegetarian,,100 grams,Rajasthan,80
Shahi tukra,"Bread, Milk, Sugar, Dry Fruits",350,40,5,20,Vegetarian,dessert,1 piece,Mughlai,50
Singhada Lapsi,"Water Chestnut Flour, Jaggery, Ghee",320,45,5,12,Vegetarian,dessert,1 bowl,Rajasthan,45
Sooji halwa (Suji Lapsi),"Semolina, Sugar, Ghee, Nuts",250,30,5,10,Vegetarian,dessert,1 bowl,North Indian,40
Sweet pethas / kesar petha / pista petha,"Pumpkin, Sugar, Saffron, Pistachio",200,25,2,10,Vegetarian,dessert,1 piece,Agra,30
Vegetable jalfrezi,"Mixed Vegetables, Spices, Onion, Tomato",150,10,3,8,Vegetarian,,1 bowl,North Indian,25
Tandoori Chicken,"Chicken, Yogurt, Spices",250,10,30,10,Non-Vegetarian,snacks,1/4 chicken,Punjabi,80
Tamatar Chaat,"Tomato, Spices",120,15,2,5,Vegetarian,snacks,1 plate,UP,20
Tandoori Fish Tikka,"Fish, Yogurt, Spices",220,10,25,8,Non-Vegetarian,snacks,4 pieces,Punjabi,90
Ananas menaskai,"Pineapple, Coconut, Spices",180,20,2,10,Vegetarian,,1 bowl,Karnataka,30
Attu,"Rice Flour, Jaggery",150,20,2,8,Vegetarian,,1 piece,Andhra Pradesh,20
Aval kesari,"Flattened Rice, Sugar, Ghee, Nuts",250,30,5,10,Vegetarian,dessert,1 bowl,Tamil Nadu,40
Avial,"Mixed Vegetables, Coconut, Yogurt, Spices",150,15,5,5,Vegetarian,,1 bowl,Kerala,25
Baida roti,"Egg, Refined Flour",200,20,8,8,Non-Vegetarian,snacks,1 piece,Hyderabad,30
Halwa,"Semolina, Sugar, Ghee, Nuts",250,30,5,10,Vegetarian,dessert,1 bowl,North Indian,40
Bhajji,"Vegetables, Gram Flour, Spices",100,10,2,5,Vegetarian,snacks,2 pieces,Maharashtrian,15
Biryani (South Indian style),"Rice, Meat/Vegetables, Spices",450,40,20,20,Non-Vegetarian/Vegetarian,,1 plate,South Indian,120
Bisi bele bath,"Rice, Lentils, Vegetables, Spices",300,35,10,10,Vegetarian,,1 plate,Karnataka,40
Bonda,"Potato, Gram Flour, Spices",120,15,2,5,Vegetarian,snacks,1 piece,South Indian,15
Chettinadu Chicken,"Chicken, Spices",350,15,25,20,Non-Vegetarian,,1 bowl,Tamil Nadu,100
Chicken 65,"Chicken, Spices",280,10,30,10,Non-Vegetarian,snacks,6 pieces,Tamil Nadu,90
Currivepillai sadam,"Curry Leaves, Rice, Spices",200,30,5,5,Vegetarian,,1 plate,Tamil Nadu,30
Dibba rotti,"Rice Flour, Jaggery",150,20,2,8,Vegetarian,,1 piece,Andhra Pradesh,20
Dosa,"Rice Flour, Lentils",150,20,5,3,Vegetarian,breakfast,1 dosa,South Indian,20
Double ka meetha,"Bread, Milk, Sugar",350,40,5,20,Vegetarian,dessert,1 piece,Hyderabad,50
Ennai kathirikkai,"Eggplant, Spices",160,12,3,10,Vegetarian,,1 bowl,Tamil Nadu,25
Goli bajje,"Refined Flour, Yogurt, Spices",100,10,2,5,Vegetarian,snacks,4 pieces,Karnataka,15
Golichina Mamsam,"Mutton, Spices",350,15,25,20,Non-Vegetarian,,1 bowl,Andhra Pradesh,100
Hyderabadi biryani,"Rice, Meat/Vegetables, Spices",450,40,20,20,Non-Vegetarian/Vegetarian,,1 plate,Hyderabad,120
Idiyappam,Rice Flour,100,20,2,1,Vegetarian,breakfast,2 idiyappam,Kerala/Tamil Nadu,15
Idli,"Rice Flour, Lentils",50,10,2,1,Vegetarian,breakfast,2 idlis,South Indian,10
Indian omelette,"Egg, Onion, Spices",120,5,8,8,Non-Vegetarian,breakfast,1 omelette,All India,20
Kaara kozhambu,"Tamarind, Vegetables, Spices",150,15,3,8,Vegetarian,,1 bowl,Tamil Nadu,25
Kanji,Rice Water,50,10,1,0,Vegetarian,,1 glass,Kerala,10
Keerai koottu,"Spinach, Lentils, Coconut, Spices",150,15,5,5,Vegetarian,,1 bowl,Tamil Nadu,25
Keerai masiyal,"Spinach, Lentils, Spices",130,10,5,3,Vegetarian,,1 bowl,Tamil Nadu,20
Keerai poriyal,"Spinach, Coconut, Spices",100,8,2,5,Vegetarian,,1 bowl,Tamil Nadu,15
Keerai sadam,"Spinach, Rice, Spices",200,30,5,5,Vegetarian,,1 plate,Tamil Nadu,30
Kerala Beef Fry,"Beef, Spices",350,15,25,20,Non-Vegetarian,,1 bowl,Kerala,120
Kodubale,"Rice Flour, Spices",80,10,1,3,Vegetarian,snacks,4 pieces,Karnataka,15
Kolhapuri akkha masoor Dal,"Masoor Dal, Spices",200,25,10,5,Vegetarian,,1 bowl,Maharashtrian,30
Koottu,"Mixed Vegetables, Lentils, Coconut, Spices",150,15,5,5,Vegetarian,,1 bowl,Tamil Nadu,25
Kori rotti,"Chicken, Rice Roti",400,40,20,20,Non-Vegetarian,,1 plate,Karnataka,150
Kos kootu,"Carrot, Coconut, Spices",100,10,2,5,Vegetarian,,1 bowl,Tamil Nadu,15
Koshambri,"Cucumber, Lentils, Coconut, Spices",80,10,3,3,Vegetarian,salad,1 bowl,Karnataka,15
Kothamali sadam,"Coriander, Rice, Spices",200,30,5,5,Vegetarian,,1 plate,Tamil Nadu,30
Kuzhakkattai,"Rice Flour, Jaggery",150,20,2,8,Vegetarian,,2 pieces,Tamil Nadu,20
Kuzhambu,"Tamarind, Vegetables, Spices",150,15,3,8,Vegetarian,,1 bowl,Tamil Nadu,25
Masala Dosa,"Dosa, Potato, Spices",200,25,5,8,Vegetarian,breakfast,1 dosa,South Indian,30
Nandu omelette,"Crab, Egg, Spices",200,5,15,12,Non-Vegetarian,breakfast,1 omelette,Tamil Nadu,80
"Obbattu (holige, bobbattu, pooran-poli)","Lentils, Jaggery, Wheat Flour",300,35,5,15,Vegetarian,dessert,1 piece,Karnataka/Maharashtra,40
Olan,"Pumpkin, Coconut Milk, Spices",100,10,2,5,Vegetarian,,1 bowl,Kerala,15
Pachadi,"Vegetables, Yogurt, Spices",80,10,3,3,Vegetarian,side dish,1 bowl,Kerala,15
Paniyaram,"Lentils, Rice Flour, Spices",100,15,2,3,Vegetarian,breakfast,4 pieces,Tamil Nadu,20
Paddu,"Lentils, Rice Flour, Spices",100,15,2,3,Vegetarian,breakfast,4 pieces,Karnataka,20
Gujiya,"Refined flour, Dry fruits, Sugar",250,30,5,10,Vegetarian,dessert,2 pieces,North Indian,30
Pesarattu,"Green Gram, Rice Flour",120,15,5,2,Vegetarian,breakfast,1 dosa,Andhra Pradesh,20
Ragi mudde,Finger Millet Flour,100,20,3,1,Vegetarian,,1 mudde,Karnataka,15
Rasam,"Tamarind, Tomato, Spices",50,10,1,0,Vegetarian,,1 bowl,South Indian,10
Sambar,"Lentils, Vegetables, Tamarind, Spices",150,15,5,5,Vegetarian,,1 bowl,South Indian,
Rajwadi Chhena/Paneer,Milk Solids,200,10,15,10,Vegetarian,,100 grams,Rajasthan,80
Shahi tukra,"Bread, Milk, Sugar, Dry Fruits",350,40,5,20,Vegetarian,dessert,1 piece,Mughlai,50
Singhada Lapsi,"Water Chestnut Flour, Jaggery, Ghee",320,45,5,12,Vegetarian,dessert,1 bowl,Rajasthan,45
Sooji halwa (Suji Lapsi),"Semolina, Sugar, Ghee, Nuts",250,30,5,10,Vegetarian,dessert,1 bowl,North Indian,40
Sweet pethas / kesar petha / pista petha,"Pumpkin, Sugar, Saffron, Pistachio",200,25,2,10,Vegetarian,dessert,1 piece,Agra,30
Vegetable jalfrezi,"Mixed Vegetables, Spices, Onion, Tomato",150,10,3,8,Vegetarian,,1 bowl,North Indian,25
Tandoori Chicken,"Chicken, Yogurt, Spices",250,10,30,10,Non-Vegetarian,snacks,1/4 chicken,Punjabi,80
Tamatar Chaat,"Tomato, Spices",120,15,2,5,Vegetarian,snacks,1 plate,UP,20
Tandoori Fish Tikka,"Fish, Yogurt, Spices",220,10,25,8,Non-Vegetarian,snacks,4 pieces,Punjabi,90
Ananas menaskai,"Pineapple, Coconut, Spices",180,20,2,10,Vegetarian,,1 bowl,Karnataka,30
Attu,"Rice Flour, Jaggery",150,20,2,8,Vegetarian,,1 piece,Andhra Pradesh,20
Aval kesari,"Flattened Rice, Sugar, Ghee, Nuts",250,30,5,10,Vegetarian,dessert,1 bowl,Tamil Nadu,40
Avial,"Mixed Vegetables, Coconut, Yogurt, Spices",150,15,5,5,Vegetarian,,1 bowl,Kerala,25
Baida roti,"Egg, Refined Flour",200,20,8,8,Non-Vegetarian,snacks,1 piece,Hyderabad,30
Halwa,"Semolina, Sugar, Ghee, Nuts",250,30,5,10,Vegetarian,dessert,1 bowl,North Indian,40
Bhajji,"Vegetables, Gram Flour, Spices",100,10,2,5,Vegetarian,snacks,2 pieces,Maharashtrian,15
Biryani (South Indian style),"Rice, Meat/Vegetables, Spices",450,40,20,20,Non-Vegetarian/Vegetarian,,1 plate,South Indian,120
Bisi bele bath,"Rice, Lentils, Vegetables, Spices",300,35,10,10,Vegetarian,,1 plate,Karnataka,40
Bonda,"Potato, Gram Flour, Spices",120,15,2,5,Vegetarian,snacks,1 piece,South Indian,15
Chettinadu Chicken,"Chicken, Spices",350,15,25,20,Non-Vegetarian,,1 bowl,Tamil Nadu,100
Chicken 65,"Chicken, Spices",280,10,30,10,Non-Vegetarian,snacks,6 pieces,Tamil Nadu,90
Currivepillai sadam,"Curry Leaves, Rice, Spices",200,30,5,5,Vegetarian,,1 plate,Tamil Nadu,30
Dibba rotti,"Rice Flour, Jaggery",150,20,2,8,Vegetarian,,1 piece,Andhra Pradesh,20
Dosa,"Rice Flour, Lentils",150,20,5,3,Vegetarian,breakfast,1 dosa,South Indian,20
Double ka meetha,"Bread, Milk, Sugar",350,40,5,20,Vegetarian,dessert,1 piece,Hyderabad,50
Ennai kathirikkai,"Eggplant, Spices",160,12,3,10,Vegetarian,,1 bowl,Tamil Nadu,25
Goli bajje,"Refined Flour, Yogurt, Spices",100,10,2,5,Vegetarian,snacks,4 pieces,Karnataka,15
Golichina Mamsam,"Mutton, Spices",350,15,25,20,Non-Vegetarian,,1 bowl,Andhra Pradesh,100
Hyderabadi biryani,"Rice, Meat/Vegetables, Spices",450,40,20,20,Non-Vegetarian/Vegetarian,,1 plate,Hyderabad,120
Idiyappam,Rice Flour,100,20,2,1,Vegetarian,breakfast,2 idiyappam,Kerala/Tamil Nadu,15
Idli,"Rice Flour, Lentils",50,10,2,1,Vegetarian,breakfast,2 idlis,South Indian,10
Indian omelette,"Egg, Onion, Spices",120,5,8,8,Non-Vegetarian,breakfast,1 omelette,All India,20
Kaara kozhambu,"Tamarind, Vegetables, Spices",150,15,3,8,Vegetarian,,1 bowl,Tamil Nadu,25
Kanji,Rice Water,50,10,1,0,Vegetarian,,1 glass,Kerala,10
Keerai koottu,"Spinach, Lentils, Coconut, Spices",150,15,5,5,Vegetarian,,1 bowl,Tamil Nadu,25
Keerai masiyal,"Spinach, Lentils, Spices",130,10,5,3,Vegetarian,,1 bowl,Tamil Nadu,20
Keerai poriyal,"Spinach, Coconut, Spices",100,8,2,5,Vegetarian,,1 bowl,Tamil Nadu,15
Keerai sadam,"Spinach, Rice, Spices",200,30,5,5,Vegetarian,,1 plate,Tamil Nadu,30
Kerala Beef Fry,"Beef, Spices",350,15,25,20,Non-Vegetarian,,1 bowl,Kerala,120
Kodubale,"Rice Flour, Spices",80,10,1,3,Vegetarian,snacks,4 pieces,Karnataka,15
Kolhapuri akkha masoor Dal,"Masoor Dal, Spices",200,25,10,5,Vegetarian,,1 bowl,Maharashtrian,30
Koottu,"Mixed Vegetables, Lentils, Coconut, Spices",150,15,5,5,Vegetarian,,1 bowl,Tamil Nadu,25
Kori rotti,"Chicken, Rice Roti",400,40,20,20,Non-Vegetarian,,1 plate,Karnataka,150
Kos kootu,"Carrot, Coconut, Spices",100,10,2,5,Vegetarian,,1 bowl,Tamil Nadu,15
Koshambri,"Cucumber, Lentils, Coconut, Spices",80,10,3,3,Vegetarian,salad,1 bowl,Karnataka,15
Kothamali sadam,"Coriander, Rice, Spices",200,30,5,5,Vegetarian,,1 plate,Tamil Nadu,30
Kuzhakkattai,"Rice Flour, Jaggery",150,20,2,8,Vegetarian,,2 pieces,Tamil Nadu,20
Kuzhambu,"Tamarind, Vegetables, Spices",150,15,3,8,Vegetarian,,1 bowl,Tamil Nadu,25
Masala Dosa,"Dosa, Potato, Spices",200,25,5,8,Vegetarian,breakfast,1 dosa,South Indian,30
Nandu omelette,"Crab, Egg, Spices",200,5,15,12,Non-Vegetarian,breakfast,1 omelette,Tamil Nadu,80
"Obbattu (holige, bobbattu, pooran-poli)","Lentils, Jaggery, Wheat Flour",300,35,5,15,Vegetarian,dessert,1 piece,Karnataka/Maharashtra,40
Olan,"Pumpkin, Coconut Milk, Spices",100,10,2,5,Vegetarian,,1 bowl,Kerala,15
Pachadi,"Vegetables, Yogurt, Spices",80,10,3,3,Vegetarian,side dish,1 bowl,Kerala,15
Paniyaram,"Lentils, Rice Flour, Spices",100,15,2,3,Vegetarian,breakfast,4 pieces,Tamil Nadu,20
Paddu,"Lentils, Rice Flour, Spices",100,15,2,3,Vegetarian,breakfast,4 pieces,Karnataka,20
Gujiya,"Refined flour, Dry fruits, Sugar",250,30,5,10,Vegetarian,dessert,2 pieces,North Indian,30
Pesarattu,"Green Gram, Rice Flour",120,15,5,2,Vegetarian,breakfast,1 dosa,Andhra Pradesh,20
Ragi mudde,Finger Millet Flour,100,20,3,1,Vegetarian,,1 mudde,Karnataka,15
Rasam,"Tamarind, Tomato, Spices",50,10,1,0,Vegetarian,,1 bowl,South Indian,10
Sambar,"Lentils, Vegetables, Tamarind, Spices",150,15,5,5,Vegetarian,,1 bowl,South Indian,25
Thali,"Rice, Lentils, Vegetables, Spices",400,40,15,15,Vegetarian,,1 plate,All India,80
Upma,"Semolina, Vegetables, Spices",200,30,5,5,Vegetarian,breakfast,1 plate,South Indian,30
Vada,"Lentils, Spices",100,15,3,3,Vegetarian,snacks,2 pieces,South Indian,15
Vangi Bath,"Rice, Eggplant, Spices",300,35,8,12,Vegetarian,,1 plate,Karnataka,45
Vindaloo,"Meat, Vinegar, Spices",400,20,25,25,Non-Vegetarian,,1 bowl,Goan,100
Zunka,"Besan, Onion, Spices",150,20,5,5,Vegetarian,,1 bowl,Maharashtrian,25
Murukku,"Rice Flour, Urad Dal Flour, Spices",80,10,2,3,Vegetarian,snacks,4 pieces,Tamil Nadu,15
Samosa,"Refined Flour, Potato, Peas, Spices",150,20,3,8,Vegetarian,snacks,1 samosa,North Indian,10
Chana Jor Garam,"Black Chickpeas, Spices",100,15,5,2,Vegetarian,snacks,1 cup,North Indian,15
Aloo Tikki,"Potato, Spices",120,15,2,5,Vegetarian,snacks,2 tikkis,North Indian,15
Vada Pav,"Potato, Gram Flour, Spices, Pav",350,40,8,18,Vegetarian,,1 vada pav,Maharashtrian,30
Dhokla,"Besan, Semolina, Spices",150,15,4,5,Vegetarian,breakfast/snacks,4 pieces,Gujarati,10
Pav Bhaji,"Potato, Mixed Vegetables, Spices, Pav",400,45,9,20,Vegetarian,,1 plate,North Indian,40
Mirchi Bajji,"Chili, Gram Flour, Spices",100,10,2,5,Vegetarian,snacks,2 pieces,Andhra Pradesh/Maharashtra,15
Poha,"Flattened Rice, Onion, Spices",200,30,5,5,Vegetarian,breakfast,1 plate,Maharashtrian,25
Sundal,"Chickpeas, Coconut, Spices",100,15,5,2,Vegetarian,snacks,1 bowl,Tamil Nadu,15
Mysore Bonda,"Urad Dal, Rice Flour, Spices",120,15,3,3,Vegetarian,snacks,2 bondas,Karnataka,20
Ghugni Chaat,"White Peas, Onion, Spices",150,20,6,3,Vegetarian,snacks,1 plate,Bengali,20
Banana Chips,"Banana, Oil, Salt",150,15,1,10,Vegetarian,snacks,1 cup,Kerala,20
Moong Dal Chilla,"Moong Dal, Spices",170,20,8,3,Vegetarian,breakfast/snacks,2 chillas,North Indian,18
Golgappa,"Semolina, Potato, Spices, Tamarind Water",100,15,2,3,Vegetarian,snacks,6 puris,North Indian,15
Pani Puri,"Semolina, Potato, Spices, Tamarind Water",100,15,2,3,Vegetarian,snacks,6 puris,North Indian,15
Papdi Chaat,"Refined Flour, Potato, Chickpeas, Yogurt, Spices",250,30,5,10,Vegetarian,snacks,1 plate,North Indian,30
Dahi Vada,"Lentil Fritters, Yogurt, Spices",200,25,8,8,Vegetarian,snacks,2 vadas,North Indian,25
Onion Pakoda,"Onion, Gram Flour, Spices",100,10,2,5,Vegetarian,snacks,4 pieces,North Indian,15
Bhaji,"Vegetables, Gram Flour, Spices",100,10,2,5,Vegetarian,snacks,2 pieces,Maharashtrian,15
Dal Vada,"Lentils, Spices",100,15,3,3,Vegetarian,snacks,2 vadas,South Indian,15
Masala Vada,"Lentils, Spices",100,15,3,3,Vegetarian,snacks,2 vadas,South Indian,15
Aloo Pakora,"Potato, Gram Flour, Spices",100,10,2,5,Vegetarian,snacks,2 pieces,North Indian,15
Aloo Bajji,"Potato, Gram Flour, Spices",100,10,2,5,Vegetarian,snacks,2 pieces,South Indian,15
Kanda Bhaji,"Onion, Gram Flour, Spices",100,10,2,5,Vegetarian,snacks,4 pieces,Maharashtrian,15
Paneer Pakora,"Paneer, Gram Flour, Spices",150,10,8,8,Vegetarian,snacks,2 pieces,North Indian,20
Moong Dal Pakoda,"Moong Dal, Spices",100,15,5,3,Vegetarian,snacks,4 pieces,North Indian,15
Kothimbir Vadi,"Coriander, Gram Flour, Spices",100,10,3,5,Vegetarian,snacks,4 pieces,Maharashtrian,15
Bread Roll,"Bread, Potato, Spices",150,20,4,5,Vegetarian,snacks,1 roll,North Indian,20
Maddur Vada,"Rice Flour, Semolina, Onion, Spices",120,15,3,3,Vegetarian,snacks,2 vadas,Karnataka,20
Balu Shahi,"Refined flour (maida), ghee, yogurt, sugar, baking soda, cardamom",152,24,0,5.9,Veg,Snacks,1 piece (40g),North India,20
Boondi,"Gram flour (besan), oil, sugar (for sweet version)",150,18,2.5,8,Veg,Snacks,30g,Pan India,15
Gajar ka Halwa,"Carrot, milk, sugar, ghee, cardamom, dry fruits",250,32,4,12,Veg,Dessert,100g,North India,40
Ghevar,"Refined flour (maida), ghee, sugar syrup, cardamom, saffron",300,45,3,12,Veg,Dessert,1 piece (120g),Rajasthan,50
Gulab Jamun,"Khoya, all-purpose flour, sugar, cardamom, rose water, ghee",175,30,3,5,Veg,Dessert,2 pieces (80g),Pan India,30
Imarti,"Urad dal, sugar, saffron, ghee",200,35,5,6,Veg,Dessert,1 piece (50g),North India,20
Jalebi,"All-purpose flour, sugar, saffron, ghee, yogurt",150,31,1.5,4,Veg,Dessert/Snacks,2 pieces (44g),Pan India,20
Kaju Katli,"Cashew nuts, sugar, ghee, cardamom",200,20,4,11,Veg,Dessert,2 pieces (40g),North India,40
Kalakand,"Milk, sugar, cardamom, ghee",180,25,5,7,Veg,Dessert,50g,North India,25
Kheer,"Milk, rice, sugar, cardamom, dry fruits",210,30,5,8,Veg,Dessert,100g,Pan India,25
Laddu,"Gram flour, ghee, sugar, cardamom, dry fruits",160,22,3,7,Veg,Dessert/Snacks,1 piece (40g),Pan India,15
Lassi,"Curd, sugar, cardamom, water, dry fruits",180,25,4,6,Veg,Beverage/Snacks,250 ml,North India,25
Nankhatai,"All-purpose flour, sugar, ghee, cardamom, baking soda",120,14,1,6,Veg,Snacks,1 piece (25g),North India,10
Petha,"Ash gourd, sugar, lime water, rose water",110,27,0,0,Veg,Dessert,2 pieces (60g),"Agra, North India",15
Phirni,"Milk, rice flour, sugar, cardamom, saffron",190,25,4,8,Veg,Dessert,100g,North India,25
Rabri,"Milk, sugar, cardamom, saffron, dry fruits",270,25,6,16,Veg,Dessert,80g,North India,30
Sheera,"Semolina, ghee, nuts, milk",250,30,5,12,Vegetarian,Breakfast,1 cup,West,30
Singori,"Khoa, coconut, molu leaf",180,20,4,8,Vegetarian,Dessert,1 piece,Uttarakhand,40
Sohan halwa,"Corn flour, ghee, dry fruits",320,40,6,16,Vegetarian,Dessert,1 piece,Punjab,50
Sohan papdi,"Gram flour, ghee, sugar, milk, cardamom",280,35,4,14,Vegetarian,Dessert,1 piece,Maharashtra,45
Chhena jalebi,"Chhena, sugar, ghee",220,25,5,12,Vegetarian,Dessert,1 piece,Odisha,60
Chhena kheeri,"Chhena, sugar, milk",200,22,6,10,Vegetarian,Dessert,1 cup,Odisha,55
Chhena poda,"Sugar, chenna cheese",250,30,7,12,Vegetarian,Dessert,1 slice,Odisha,70
Cham cham,"Flour, cream, sugar, saffron, lemon juice, coconut flakes",280,32,6,14,Vegetarian,Dessert,1 piece,West Bengal,65
Kheer sagar,"Chenna, condensed milk, sugar, saffron, cardamom",240,28,7,12,Vegetarian,Dessert,1 cup,Odisha,75
Ledikeni,"Chhena, sugar, ghee",230,26,5,13,Vegetarian,Dessert,1 piece,West Bengal,70
Lyangcha,"Flour, fried milk power, sugar syrup",260,30,4,14,Vegetarian,Dessert,1 piece,Assam,80
Malapua,"Yogurt, refined flour, ghee, fennel seeds",290,35,5.00,15.00,Vegetarian,Dessert,1 piece,Rajasthan,50
Mihidana,"Besan flour, sugar, ghee",270,32,4.00,14.00,Vegetarian,Dessert,1 cup,West Bengal,60
Misti Doi,"Milk, jaggery",190,22,6.00,8.00,Vegetarian,Dessert,1 cup,West Bengal,40
Pantua,"Chhena, sugar, ghee, flour",240,28,5.00,13.00,Vegetarian,Dessert,1 piece,West Bengal,65
Pithe,"Rice flour, wheat flour, coconut, jaggery",220,25,4.00,12.00,Vegetarian,Snack,2 pieces,Assam,50
Rasabali,"Chenna, sweetened milk",250,30,6.00,13.00,Vegetarian,Dessert,1 piece,Odisha,70
Ras Malai,"Chhena, reduced milk, pistachio",260,31,7.00,13.00,Vegetarian,Dessert,1 piece,West Bengal,80
Rasgulla,"Chhena, sugar, cardamom",150,20,4.00,6.00,Vegetarian,Dessert,2 pieces,West Bengal,50
Sandesh,"Milk, sugar, saffron, cardamom",180,22,5.00,8.00,Vegetarian,Dessert,2 pieces,West Bengal,55
Adhirasam,"Rice flour, jaggery, ghee, vegetable oil, elachi",240,28,3.00,13.00,Vegetarian,Dessert,1 piece,Tamil Nadu,60
Ariselu,"Rice flour, jaggery, ghee",230,27,3.00,12.00,Vegetarian,Dessert,1 piece,Andhra Pradesh,55
Bandar Laddu,"Besan, jaggery, cardamom powder, ghee, cashews and raisins",260,30,5.00,14.00,Vegetarian,Dessert,1 piece,Andhra Pradesh,70
Chikki,"Peanuts, jaggery",200,25,6.00,8.00,Vegetarian,Snack,1 piece,Maharashtra,30.00
Dharwad Pedha,"Milk, Sugar",190,23.00,4.00,9.00,Vegetarian,Dessert,1 piece,Karnataka,45
Double ka Meetha,"Bread, milk, sugar, ghee, cardamom",350,45,5,18,Vegetarian,Dessert,1 piece,Hyderabadi,45
Gavvalu,"Rice flour, jaggery, ghee",220,30,3,10,Vegetarian,Snack,1/2 cup,Andhra,30
Kakinada Khaja,"Wheat flour, sugar, ghee",280,40,4,12,Vegetarian,Snack,1 piece,Andhra,35
Kuzhi Paniyaram,"Lentils, rice, spices",150,20,5,5,Vegetarian,Breakfast,3 pieces,Tamil Nadu,25
Mysore Pak,"Gram flour, ghee, sugar",380,40,5,22,Vegetarian,Dessert,1 piece,Karnataka,50
Obbattu Holige,"Wheat flour, lentils, jaggery, coconut",320,40,8,14,Vegetarian,Dessert,1 piece,Karnataka,40
Palathalikalu,"Rice flour, milk, sugar",200,25,4,8,Vegetarian,Dessert,1/2 cup,Andhra,30
Poornalu,"Lentils, jaggery, rice flour",250,35,6,10,Vegetarian,Snack,2 pieces,Andhra,30
Pongal,"Rice, lentils, ghee, pepper, cashews",280,35,7,12,Vegetarian,Breakfast,1 cup,Tamil Nadu,35
Pootharekulu,"Rice flour, sugar, ghee",180,25,2,8,Vegetarian,Dessert,1 piece,Andhra,40
Qubani ka Meetha,"Apricots, sugar, almonds",220,30,3,10,Vegetarian,Dessert,1/2 cup,Hyderabadi,40
Sheer Korma,"Vermicelli, milk, sugar, nuts, dates",300,35,8,14,Vegetarian,Dessert,1 cup,Hyderabadi,40
Unni Appam,"Rice flour, banana, jaggery, coconut",150,20,2,7,Vegetarian,Snack,2 pieces,Kerala,30
Kajjikaya,"Wheat flour, coconut, jaggery",240,30,4,12,Vegetarian,Snack,1 piece,Andhra,30
Anarsa,"Rice flour, jaggery, poppy seeds",230,30,3,11,Vegetarian,Snack,1 piece,Maharashtra,30
Basundi,"Milk, sugar, cardamom, nuts",250,30,7,10,Vegetarian,Dessert,1 cup,Maharashtra,35
Dhondas,"Cucumber, semolina, jaggery, coconut",180,25,3,7,Vegetarian,Snack,1 slice,Goa,30
Doodhpak,"Milk, rice, sugar, nuts",220,30,6,8,Vegetarian,Dessert,1 cup,Gujarat,30
Mahim Halwa,"Semolina, sugar, ghee",300,40,4,14,Vegetarian,Dessert,1 piece,Maharashtra,40
Modak,"Rice flour, coconut, jaggery",160,20,3,8,Vegetarian,Snack,2 pieces,Maharashtra,30
Shankarpali,"Wheat flour, sugar, ghee",200,25,3,10,Vegetarian,Snack,1/2 cup,Maharashtra,30
Shrikhand,"Yogurt, sugar, cardamom",200,25,8,8,Vegetarian,Dessert,1 cup,Gujarat,35
Sutar Feni,"Wheat flour, sugar, ghee",250,35,3,12,Vegetarian,Breakfast,1/2 cup,Maharashtra,35
Maach Jhol,"Fish, potol, tomato, chillies, ginger, garlic",280,15,20,12,Non-Vegetarian,Lunch,1 bowl,Bengal,75
Pork Bharta,"Boiled pork, onions, chillies, ginger and garlic",350,10,25,22,Non-Vegetarian,Dinner,1 bowl,Assam,90
Chak Hao Kheer,"Black Rice, milk, sugar, cardamom",220,35,5,6,Vegetarian,Dessert,1 cup,Manipur,60
Galho,"Rice, axone, salt, water, chillies, pork",300,40,15,10,Non-Vegetarian,Lunch,1 bowl,Nagaland,80
Aloo Gobi,"Cauliflower, potato, garam masala, turmeric, curry leaves",180,25,5,6,Vegetarian,Lunch,1 bowl,North India,30
Aloo Tikki,"Potato, spices, breadcrumbs, oil",150,20,3,7,Vegetarian,Snack,2 pieces,North India,25
Aloo Matar,"Potato, peas, tomato, spices",200,30,5,7,Vegetarian,Lunch,1 bowl,North India,35
Aloo Methi,"Potato, fenugreek leaves, spices",160,22,4,6,Vegetarian,Lunch,1 bowl,North India,30
Aloo Shimla Mirch,"Potato, capsicum, spices",170,24,4,6,Vegetarian,Lunch,1 bowl,North India,32
Bhatura,"Refined flour, yogurt, oil",350,45,7,15,Vegetarian,Breakfast,1 piece,Punjab,40
Bhindi Masala,"Okra, onion, tomato, spices",140,15,4,7,Vegetarian,Lunch,1 bowl,North India,30
Biryani,"Rice, meat/vegetables, spices",450,50,20,18,Non-Vegetarian/Vegetarian,Dinner,1 plate,Mughlai,120
Butter Chicken,"Chicken, butter, cream, tomato, spices",490,20,30,35,Non-Vegetarian,Dinner,1 bowl,North India,90
Chana Masala,"Chickpeas, tomato, onion, spices",320,40,15,8,Vegetarian,Lunch,1 bowl,North India,40
Chapati,"Wheat flour, water",100,20,3,1,Vegetarian,Lunch/Dinner,1 piece,North India,10
Chicken Razala,"Chicken, yogurt, poppy seeds, spices",420,15,30,25,Non-Vegetarian,Dinner,1 bowl,Bengal,100
Chicken Tikka Masala,"Chicken tikka, tomato sauce, cream, spices",480,25,30,30,Non-Vegetarian,Dinner,1 bowl,North India,95
Chicken Tikka,"Chicken, yogurt, spices",250,5,30,12,Non-Vegetarian,Snack,2 pieces,North India,80
Chole Bhature,"Chickpeas, fried bread",500,60,15,25,Vegetarian,Breakfast,1 plate,Punjab,50
Daal Baati Churma,"Lentils, wheat bread, sweet crumble",600,70,20,25,Vegetarian,Lunch,1 plate,Rajasthan,60
Daal Puri,"Wheat flour, lentils, spices",250,30,8,10,Vegetarian,Breakfast,2 puris,UP/Bihar,30
Dal Makhani,"Black lentils, kidney beans, cream, butter, spices",350,25,15,20,Vegetarian,Dinner,1 bowl,Punjab,60
Dal Tadka,"Yellow lentils, onion, tomato, spices",220,35,10,5,Vegetarian,Lunch,1 bowl,North India,35
Dum Aloo,"Potatoes, yogurt, spices, cream",300,20,10,20,Vegetarian,Lunch,1 bowl,Kashmir,50
Poha,"Flattened rice, onion, spices, lemon",200,35,5,3,Vegetarian,Breakfast,1 plate,Maharashtra,25
Fara,"Rice flour, lentils, spices",220,30,7,6,Vegetarian,Snack,4 pieces,UP,30
Kachori,"Refined flour, lentils, spices",320,40,6,16,Vegetarian,Breakfast,1 piece,Rajasthan,35
Kadai Paneer,"Paneer, bell peppers, onion, tomato, spices",350,15,20,22,Vegetarian,Dinner,1 bowl,North India,60
Kadhi Pakoda,"Yogurt, gram flour, spices, fritters",280,25,8,15,Vegetarian,Lunch,1 bowl,North India,40
Karela Bharta,"Bitter gourd, onion, tomato, spices",150,15,5,8,Vegetarian,Lunch,1 bowl,North India,25
Khichdi,"Rice, lentils, vegetables, spices",250,35,10,5,Vegetarian,Lunch,1 bowl,North India,30
Kofta,"Potato, paneer, spices, cream",300,20,10,20,Vegetarian,Dinner,4 pieces,North India,50
Kulfi Falooda,"Milk, sugar, noodles, nuts",350,40,8,18,Vegetarian,Dessert,1 glass,North India,60
Lauki ke kofte,"Bottle Gourd, Gram Flour, Spices",200,20,5,10,Vegetarian,,2 koftas,North Indian,30
Lauki ki bhaaji,"Bottle Gourd, Spices",100,8,2,5,Vegetarian,,1 bowl,North Indian,15
Litti chokha,"Wheat Flour, Sattu, Brinjal, Potato, Tomato, Spices",320,40,10,10,Vegetarian,,1 plate,Bihari,40
Makhaan ka kheer,"Corn, Milk, Sugar",280,35,5,12,Vegetarian,dessert,1 bowl,Himachal Pradesh,50
"Makki ki roti, sarson ka saag","Corn Flour, Mustard Leaves, Spices",400,40,15,20,Vegetarian,,1 plate,Punjabi,60
Mathura ke pede,"Milk, Sugar",200,25,5,8,Vegetarian,dessert,2 pieces,UP,30
"Methi saag, chaulai saag","Fenugreek Leaves, Spinach, Spices",100,8,2,5,Vegetarian,,1 bowl,North Indian,15
Millet Lapsi,"Millet, Jaggery, Ghee",320,45,5,12,Vegetarian,dessert,1 bowl,Rajasthan,45
Mirchi Bada,"Chili, Potato, Spices",150,20,2,8,Vegetarian,snacks,1 piece,Rajasthan,20
Missi roti,"Gram Flour, Wheat Flour, Spices",150,20,5,3,Vegetarian,,1 roti,Rajasthani,20
Mixed vegetable,"Mixed Vegetables, Spices, Onion, Tomato",150,10,3,8,Vegetarian,,1 bowl,North Indian,25
Moong dal ki Lapsi,"Moong Dal, Jaggery, Ghee",320,45,5,12,Vegetarian,dessert,1 bowl,Rajasthan,45
Murgh musallam,"Chicken, Spices, Dry Fruits",600,20,40,40,Non-Vegetarian,,1 whole chicken,Awadhi,250
Mushroom do pyaza (Kanda Khumb),"Mushroom, Onion, Spices",200,10,8,12,Vegetarian,,1 bowl,North Indian,35
Mushroom matar (Matar Khumb),"Mushroom, Peas, Spices",180,10,8,10,Vegetarian,,1 bowl,North Indian,30
Naan,"Refined Flour, Yeast, Butter",200,30,5,5,Vegetarian,,1 naan,North Indian,25
Navrattan korma,"Mixed Vegetables, Dry Fruits, Cream, Spices",300,20,8,20,Vegetarian,,1 bowl,Mughlai,50
Pakhala,"Rice, Yogurt, Water",100,20,2,1,Vegetarian,,1 plate,Odia,15
Palak paneer,"Spinach, Paneer, Spices",250,10,15,15,Vegetarian,,1 bowl,North Indian,40
Paneer butter masala,"Paneer, Tomato, Butter, Cream, Spices",300,15,15,20,Vegetarian,,1 bowl,North Indian,50
Paneer tikka masala,"Paneer Tikka, Tomato Sauce, Cream, Spices",350,15,20,20,Vegetarian,,1 bowl,North Indian,60
Pani puri,"Semolina, Potato, Spices, Tamarind Water",100,15,2,3,Vegetarian,snacks,6 puris,North Indian,15
Panjeeri,"Wheat Flour, Sugar, Ghee, Dry Fruits",300,35,5,15,Vegetarian,dessert,1 bowl,Punjabi,40
Papad,"Lentil Flour, Spices",50,10,2,1,Vegetarian,snacks,1 papad,North Indian,5
Paratha,"Wheat Flour, Ghee",150,20,3,5,Vegetarian,,1 paratha,North Indian,20
Pattor,"Colocasia Leaves, Gram Flour, Spices",150,15,3,8,Vegetarian,,2 pieces,Himachal Pradesh,25
Phirni,"Rice, Milk, Sugar, Nuts",250,30,5,10,Vegetarian,dessert,1 bowl,North Indian,40
Pinni,"Wheat Flour, Sugar, Ghee, Dry Fruits",350,40,5,20,Vegetarian,dessert,1 piece,Punjabi,50
Rajma chaval,"Kidney Beans, Rice",300,40,10,8,Vegetarian,,1 plate,North Indian,40
Rajma,"Kidney Beans, Spices",200,25,10,3,Vegetarian,,1 bowl,North Indian,30
Ramatori bhaaji,"Ramatori, Spices",80,8,2,3,Vegetarian,,1 bowl,Uttarakhand,15
Lobiya,"Black Eyed Peas, Spices",180,20,8,5,Vegetarian,,1 bowl,North Indian,25
Samosa,"Refined Flour, Potato, Peas, Spices",150,20,3,8,Vegetarian,snacks,1 samosa,North Indian,10
Sattu ki roti,"Gram Flour, Wheat Flour, Spices",150,20,5,3,Vegetarian,,1 roti,Bihari,20
Shahi paneer,"Paneer, tomato, cream, cashews, spices",400,20,15,30,Vegetarian,Dinner,1 bowl,North India,70
Shahi tukra,"Bread, milk, sugar, ghee, saffron",350,45,5,18,Vegetarian,Dessert,1 piece,Hyderabadi,50
Vegetable jalfrezi,"Mixed vegetables, onion, tomato, spices",220,25,7,10,Vegetarian,Lunch,1 bowl,North India,40
Tandoori Chicken,"Chicken, yogurt, spices",250,3,27,13,Non-Vegetarian,Dinner,2 pieces,North India,80
Tandoori Fish Tikka,"Fish, yogurt, spices",200,5,25,8,Non-Vegetarian,Snack,4 pieces,North India,90
Attu,"Rice flour, lentils, spices",180,25,6,5,Vegetarian,Breakfast,1 dosa,Andhra Pradesh,25
Avial,"Mixed vegetables, coconut, yogurt, curry leaves",200,20,8,10,Vegetarian,Lunch,1 bowl,Kerala,30
Bisi bele bath,"Rice, lentils, vegetables, spices",300,35,10,12,Vegetarian,Lunch,1 bowl,Karnataka,40
Currivepillai sadam,"Rice, curry leaves, lentils, spices",250,35,7,8,Vegetarian,Lunch,1 plate,Tamil Nadu,35
Dosa,"Rice flour, lentils",150,20,5,5,Vegetarian,Breakfast,1 dosa,South India,20
Idiappam,"Rice flour, coconut milk",180,25,3,7,Vegetarian,Breakfast,2 pieces,Kerala,25
Idli,"Rice flour, lentils",100,15,4,2,Vegetarian,Breakfast,2 idlis,South India,15
Kanji,"Rice, water, spices",80,15,2,1,Vegetarian,Lunch,1 bowl,Tamil Nadu,20
Kaara kozhambu,"Tamarind, vegetables, spices",150,15,5,7,Vegetarian,Lunch,1 bowl,Tamil Nadu,25
Keerai kootu,"Spinach, lentils, coconut, spices",120,10,7,5,Vegetarian,Lunch,1 bowl,Tamil Nadu,20
Keerai masiyal,"Spinach, lentils, spices",100,8,6,4,Vegetarian,Lunch,1 bowl,Tamil Nadu,18
Keerai sadam,"Rice, spinach, spices",220,30,6,8,Vegetarian,Lunch,1 plate,Tamil Nadu,30
Keerai poriyal,"Spinach, coconut, spices",80,7,4,4,Vegetarian,Side Dish,1/2 cup,Tamil Nadu,15
Beef Fry,"Beef, onion, spices",350,10,25,22,Non-Vegetarian,Dinner,1 bowl,Kerala,90
Kootu,"Mixed vegetables, lentils, coconut, spices",150,15,5,7,Vegetarian,Lunch,1 bowl,Tamil Nadu,25
Kos kootu,"Cabbage, lentils, coconut, spices",120,10,7,5,Vegetarian,Lunch,1 bowl,Tamil Nadu,20
Koshambri,"Cucumber, lentils, coconut, coriander, lemon",120,10,6,6,Vegetarian,Snack,1/2 cup,Karnataka,25
Kothamali sadam,"Rice, coriander, lentils, spices",250,35,7,8,Vegetarian,Lunch,1 plate,Tamil Nadu,35
Kuzhakkattai,"Rice flour, coconut, jaggery",160,20,3,8,Vegetarian,Snack,2 pieces,Tamil Nadu,30
Kuzhambu,"Tamarind, vegetables, spices",150,15,5,7,Vegetarian,Lunch,1 bowl,Tamil Nadu,25
Masala Dosa,"Rice flour, lentils, potato, spices",250,30,7,12,Vegetarian,Breakfast,1 dosa,South India,30
Pachadi,"Yogurt, cucumber, coconut, spices",80,7,4,4,Vegetarian,Side Dish,1/2 cup,South India,15
Paniyaram,"Lentils, rice, spices",150,20,5,5,Vegetarian,Breakfast,3 pieces,Tamil Nadu,25
Papadum,"Lentil flour, spices, oil",50,5,2,3,Vegetarian,Side Dish,1 piece,South India,10
Paravannam,"Rice, milk, sugar, jaggery",220,30,6,8,Vegetarian,Dessert,1 cup,Tamil Nadu,30
Payasam,"Milk, vermicelli, sugar, nuts",250,30,7,12,Vegetarian,Dessert,1 cup,South India,35
Paruppu sadam,"Rice, lentils, ghee",200,30,7,5,Vegetarian,Lunch,1 plate,Tamil Nadu,30
Pesarattu,"Green gram, rice flour, spices",180,25,6,5,Vegetarian,Breakfast,1 dosa,Andhra Pradesh,25
Poriyal,"Vegetables, coconut, spices",80,7,4,4,Vegetarian,Side Dish,1/2 cup,South India,15
Puli sadam,"Rice, tamarind, spices",220,30,6,8,Vegetarian,Lunch,1 plate,Tamil Nadu,30
Rasam,"Tamarind, tomato, spices",50,5,2,2,Vegetarian,Lunch,1 bowl,South India,10
Puttu,"Rice flour, coconut",150,20,3,7,Vegetarian,Breakfast,2 pieces,Kerala,25
Sambar,"Lentils, vegetables, tamarind, spices",120,10,7,5,Vegetarian,Lunch,1 bowl,South India,20
Sandige,"Rice flour, spices",40,5,1,2,Vegetarian,Snack,2 pieces,Karnataka,10
Sevai,"Rice noodles, coconut, spices",200,25,4,8,Vegetarian,Breakfast,1 cup,Tamil Nadu,30
Thayir sadam,"Rice, yogurt, milk",150,20,5,5,Vegetarian,Lunch,1 plate,South India,20
Theeyal,"Mixed vegetables, roasted coconut, spices",220,20,8,12,Vegetarian,Lunch,1 bowl,Kerala,35
Uttapam,"Rice flour, lentils, vegetables, spices",200,25,7,8,Vegetarian,Breakfast,1 uttapam,South India,30
Vada,"Lentils, spices",150,15,5,7,Vegetarian,Snack,2 pieces,South India,25
Chicken Varuval,"Chicken, onion, spices",300,10,25,18,Non-Vegetarian,Dinner,1 bowl,Tamil Nadu,80
Upma,"Semolina, vegetables, spices",200,30,6,5,Vegetarian,Breakfast,1 bowl,South India,30
Amti,"Lentils, tamarind, spices",100,10,6,2,Vegetarian,Lunch,1 bowl,Maharashtra,20
Zunka,"Gram flour, onion, spices",120,15,5,3,Vegetarian,Lunch,1 bowl,Maharashtra,20
Kolim Jawla,"Shrimp, onion, spices",180,10,10,10,Non-Vegetarian,Lunch,1 bowl,Maharashtra,40
Saath,"Rice flour, spices",150,20,3,7,Vegetarian,Snack,1 piece,Maharashtra,25
Bajri no rotlo,Pearl millet flour,120,20,4,2,Vegetarian,Lunch,1 rotlo,Gujarat,15
Coconut vadi,"Coconut, sugar",180,25,2,8,Vegetarian,Dessert,1 piece,Maharashtra,30
Bhakri,Jowar/Bajra/Rice flour,100,15,3,1,Vegetarian,Lunch/Dinner,1 bhakri,Maharashtra,15
Bombil fry,"Bombay Duck, spices",150,5,10,8,Non-Vegetarian,Snack,2 pieces,Maharashtra,40
Chakali,"Rice flour, lentils, spices",180,20,4,9,Vegetarian,Snack,4 pieces,Maharashtra,30
Chevdo,"Flattened rice, nuts, spices",200,25,4,10,Vegetarian,Snack,1/2 cup,Gujarat,35
Chorafali,"Gram flour, spices",150,15,6,6,Vegetarian,Snack,1/2 cup,Gujarat,30
Copra paak,"Coconut, sugar",200,30,2,8,Vegetarian,Dessert,1 piece,Maharashtra,30
Daal Dhokli,"Wheat flour, lentils, spices",250,30,8,10,Vegetarian,Lunch,1 bowl,Gujarat,35
Kutchi dabeli,"Potato, spices, bread",220,25,5,10,Vegetarian,Snack,1 dabeli,Gujarat,30
Dahi vada,"Lentil fritters, yogurt, spices",220,24,8,8,Vegetarian,Snack,2 pieces,North India,25
Dalithoy,"Lentils, coconut, spices",120,10,7,5,Vegetarian,Lunch,1 bowl,Goa,20
Dhokla,"Gram flour, spices",150,22,6,4,Vegetarian,Breakfast,2 pieces,Gujarat,20
Dudhi halwa,"Bottle gourd, milk, sugar, ghee",200,30,4,8,Vegetarian,Dessert,1 bowl,Gujarat,30
Gatta curry,"Gram flour, yogurt, spices",280,25,10,15,Vegetarian,Lunch,1 bowl,Rajasthan,40
Gud papdi,"Gram flour, ghee, sugar",300,35,5,16,Vegetarian,Dessert,1 piece,Gujarat,45
Ghooghra,"Wheat flour, coconut, jaggery, spices",250,30,4,12,Vegetarian,Snack,1 piece,Gujarat,35
Handwo,"Lentils, rice, vegetables, spices",220,30,7,6,Vegetarian,Breakfast,1 slice,Gujarat,30
Halvasan,"Wheat flour, milk, sugar, ghee",320,40,6,16,Vegetarian,Dessert,1 piece,Gujarat,50
Jeera Aloo,"Potato, cumin seeds, spices",150,20,3,7,Vegetarian,Side Dish,1 bowl,North India,25
Kansar,"Wheat flour, ghee, jaggery",350,45,5,18,Vegetarian,Dessert,1 bowl,Gujarat,50
Keri no ras,"Mango, sugar, milk",180,25,2,8,Vegetarian,Dessert,1 bowl,Gujarat,30
Khakhra,"Wheat flour, spices",80,15,2,1,Vegetarian,Snack,1 piece,Gujarat,15
Khandvi,"Gram flour, yogurt, spices",150,20,6,4,Vegetarian,Snack,4 pieces,Gujarat,30
Kombdi vade,"Chicken, rice flour, spices",350,20,20,20,Non-Vegetarian,Lunch,1 plate,Maharashtra,90
Laapsi,"Wheat, ghee, jaggery",300,40,5,14,Vegetarian,Dessert,1 bowl,Gujarat,45
Koshimbir,"Cucumber, lentils, coconut, coriander, lemon",120,10,6,6,Vegetarian,Side Dish,1/2 cup,Maharashtra,25
Methi na Gota,"Gram flour, fenugreek leaves, spices",180,20,6,8,Vegetarian,Snack,4 pieces,Gujarat,30
Mohanthal,"Gram flour, sugar, ghee",320,40,6,16,Vegetarian,Dessert,1 piece,Gujarat,50
Muthiya,"Gram flour, bottle gourd, spices",150,20,5,5,Vegetarian,Snack,4 pieces,Gujarat,25
Patra,"Colocasia leaves, gram flour, spices",180,20,6,8,Vegetarian,Snack,4 pieces,Gujarat,30
Pav Bhaji,"Potato, mixed vegetables, butter, pav",400,45,9,20,Vegetarian,Dinner,1 plate,Maharashtra,40
Puri Bhaji,"Wheat flour, potato, spices",330,40,5,15,Vegetarian,Breakfast,4 puris + sabzi,North India,35
Sabudana Khichadi,"Sago, potato, peanuts, spices",250,30,4,12,Vegetarian,Snack,1 bowl,Maharashtra,30
Sev khamani,"Gram flour, sev, spices",200,25,8,8,Vegetarian,Snack,1 bowl,Gujarat,35
Sev tameta,"Tomato, sev, spices",150,15,5,7,Vegetarian,Lunch,1 bowl,Gujarat,25
Namakpara,"Wheat flour, semolina, spices, oil",200,25,4,10,Vegetarian,Snack,1/2 cup,North India,25
Sukhdi,"Wheat flour, ghee, jaggery",300,40,5,14,Vegetarian,Dessert,1 piece,Gujarat,40
Surnoli,"Rice flour, coconut milk, jaggery",180,25,3,7,Vegetarian,Breakfast,1 piece,Konkan,30
Thalipeeth,"Mixed flour, onion, spices",220,30,7,6,Vegetarian,Breakfast,1 thalipeeth,Maharashtra,30
Undhiyu,"Mixed vegetables, spices, herbs",250,30,8,10,Vegetarian,Lunch,1 bowl,Gujarat,40
Veg Kolhapuri,"Mixed vegetables, Kolhapuri masala",200,25,7,8,Vegetarian,Lunch,1 bowl,Maharashtra,35
Vindaloo,"Meat/vegetables, vinegar, spices",250,25,10,12,Non-Vegetarian/Vegetarian,Lunch,1 bowl,Goa,40
Lilva Kachori,"Pigeon peas, spices, refined flour",220,25,6,10,Vegetarian,Snack,1 piece,Gujarat,30
Mag Dhokli,"Wheat flour, lentils, spices",200,25,7,5,Vegetarian,Lunch,1 bowl,Gujarat,30
Khichu,"Rice flour, spices",150,20,3,7,Vegetarian,Snack,1 bowl,Gujarat,25
Thepla,"Wheat flour, fenugreek leaves, spices",160,20,4,7,Vegetarian,Breakfast,1 thepla,Gujarat,25
Farsi Puri,"Refined flour, spices",180,20,3,9,Vegetarian,Snack,2 puris,Gujarat,30
Khaman,"Gram flour, spices",150,22,6,4,Vegetarian,Breakfast,2 pieces,Gujarat,20
Turiya Patra,"Ridge gourd, gram flour, spices",160,20,5,6,Vegetarian,Lunch,1 bowl,Gujarat,30
Vatana sabji,"Green peas, spices",120,15,5,3,Vegetarian,Lunch,1 bowl,Maharashtra,20
Churma Ladoo,"Wheat flour, ghee, jaggery",300,40,5,14,Vegetarian,Dessert,1 piece,Rajasthan,45
Cheera Doi,"Flattened rice, yogurt, sugar/jaggery",200,30,6,5,Vegetarian,Breakfast,1 bowl,Assam,30
Gheela Pitha,"Rice flour, jaggery",180,25,3,7,Vegetarian,Snack,2 pieces,Assam,25
Khar,"Vegetables, banana peel ash",100,10,2,2,Vegetarian,Lunch,1 bowl,Assam,20
Kumol Sawul,Rice,80,15,2,1,Vegetarian,Lunch,1 plate,Assam,15
Luchi,"Refined flour, oil",120,15,2,5,Vegetarian,Breakfast,2 luchis,Bengal,20
Alu Pitika,"Potato, onion, coriander, mustard oil",100,15,2,3,Vegetarian,Side Dish,1/2 cup,Assam,18
Masor tenga,"Fish, lemon, tomato, spices",150,10,15,5,Non-Vegetarian,Lunch,1 bowl,Assam,35
Bengena Pitika,"Eggplant, onion, coriander, mustard oil",90,8,1,6,Vegetarian,Side Dish,1/2 cup,Assam,15
Black rice,"Black rice, water",160,34,4,1,Vegetarian,Lunch,1 cup cooked,Manipur,40
Bora Sawul,Sticky rice,170,37,3,1,Vegetarian,Breakfast,1 cup,Assam,35
Brown Rice,"Brown rice, water",220,45,5,2,Vegetarian,Lunch,1 cup cooked,Pan India,30
Chingri malai curry,"Prawns, coconut milk, spices",350,15,20,22,Non-Vegetarian,Dinner,1 bowl,Bengal,90
Goja,"Wheat flour, jaggery",200,30,4,7,Vegetarian,Snack,2 pieces,Assam,30
Hando Guri,"Rice flour, jaggery",180,25,3,7,Vegetarian,Snack,2 pieces,Assam,25
Haq Maas,"Mutton, spices",400,10,30,28,Non-Vegetarian,Dinner,1 bowl,Kashmir,120
Chingri Bhape,"Prawns, mustard paste, coconut, spices",280,10,20,18,Non-Vegetarian,Lunch,1 bowl,Bengal,80
Kabiraji,"Chicken/fish, egg, breadcrumbs",300,15,18,18,Non-Vegetarian,Snack,1 piece,Bengal,70
Khorisa,Fermented bamboo shoot,50,8,2,1,Vegetarian,Side Dish,1/4 cup,Assam,15
Koldil Chicken,"Chicken, banana flower, spices",250,10,20,15,Non-Vegetarian,Lunch,1 bowl,Assam,75
Konir Dom,"Eggs, potatoes, spices",200,10,12,12,Non-Vegetarian,Lunch,"2 eggs, 1 potato",Assam,40
Koldil Duck,"Duck, banana flower, spices",300,10,25,20,Non-Vegetarian,Lunch,1 bowl,Assam,90
Masor Koni,"Fish, eggs, spices",220,8,18,12,Non-Vegetarian,Lunch,"1 fish, 1 egg",Assam,50
Mishti Chholar Dal,"Chana dal, coconut, sugar, spices",220,30,8,6,Vegetarian,Lunch,1 bowl,Bengal,35
Pakhala,"Rice, water, yogurt",150,25,3,2,Vegetarian,Lunch,1 bowl,Odisha,20
Pani Pitha,"Rice flour, jaggery, oil",150,20,2,7,Vegetarian,Snack,2 pieces,Assam,25
Payokh,"Rice, milk, sugar, cardamom",200,30,5,7,Vegetarian,Dessert,1 bowl,Assam,30
Prawn malai curry,"Prawns, coconut milk, spices",350,15,20,22,Non-Vegetarian,Dinner,1 bowl,Bengal,90
Red Rice,"Red rice, water",210,42,5,1,Vegetarian,Lunch,1 cup cooked,South India,30
Shukto,"Mixed vegetables, mustard paste, spices",180,15,5,10,Vegetarian,Lunch,1 bowl,Bengal,30
Til Pitha,"Rice flour, sesame seeds, jaggery",200,25,4,10,Vegetarian,Breakfast,2 pieces,Assam,30
Bebinca,"Flour, coconut milk, sugar, eggs, ghee",350,40,5,20,Vegetarian,Dessert,1 slice,Goa,50
Shufta,"Dried fruits, nuts, spices, ghee",300,35,7,15,Vegetarian,Dessert,1 bowl,Kashmir,60
Mawa Bati,"Mawa, flour, sugar, nuts, cardamom",250,30,5,12,Vegetarian,Dessert,1 piece,Madhya Pradesh,40
Pinaca,"Jaggery, nuts, grated coconut, rice powder and cardamom",220,30,6,8,Vegetarian,Dessert,1 piece,Goa,30
Paneer Butter Masala with Jeera Rice,"Paneer, Tomato, Cream, Spices, Rice, Cumin, Ghee",550,50,20,30,Vegetarian,Dinner,1 bowl + 1 plate,Punjabi,90
Rajma Chawal,"Kidney Beans, Rice, Tomato, Onion, Garlic, Spices",385,60,12,8,Vegetarian,Lunch,1 medium plate,Punjabi,40
Hyderabadi Biryani,"Rice, meat/vegetables, spices",450,50,20,18,Non-Vegetarian/Vegetarian,Dinner,1 plate,Hyderabadi,120
Masoor Dal Tadka with Basmati Rice,"Red Lentils, Onion, Tomato, Spices, Rice",400,50,15,10,Vegetarian,Lunch,1 bowl + 1 plate,North India,50
Aloo Paratha with Curd,"Wheat Flour, Potato, Spices, Butter, Yogurt",350,40,8,15,Vegetarian,Breakfast,1 paratha + 1 bowl,Punjabi,40
Chole Bhature,"Chickpeas, Refined Flour, Spices, Onion",450,55,15,18,Vegetarian,Breakfast,1 plate,Punjabi,50
Vegetable Pulao with Raita,"Rice, Vegetables, Spices, Yogurt",350,45,8,12,Vegetarian,Lunch,1 plate + 1 bowl,North Indian,40
Palak Paneer,"Spinach, Paneer, Onion, Tomato, Spices",300,14,16,18,Vegetarian,Lunch,1 bowl,Punjabi,45
Egg Curry,"Eggs, Onion, Tomato, Spices",320,10,20,20,Non-Vegetarian,Lunch,1 bowl,North India,50
Paneer Kathi Roll,"Paneer, Wheat Flour, Vegetables, Spices",300,30,12,14,Vegetarian,Snack,1 roll,North India,40
Paneer Paratha,"Wheat Flour, Paneer, Spices, Butter",320,38,10,14,Vegetarian,Breakfast,1 paratha,Punjabi,40
Chicken Biryani,"Rice, Chicken, Spices, Yogurt",450,50,20,18,Non-Vegetarian,Dinner,1 plate,Hyderabadi,120
Khichdi,"Rice, Lentils, Vegetables, Spices",250,35,10,5,Vegetarian,Lunch,1 bowl,North India,30
Bhindi Do Pyaza,"Okra, Onion, Spices",160,20,5,6,Vegetarian,Lunch,1 bowl,North India,30
Masala Bhindi,"Okra, Spices",140,15,4,7,Vegetarian,Lunch,1 bowl,North India,30
Chana Kulcha,"Chickpeas, Refined Flour, Spices",400,50,15,15,Vegetarian,Lunch,1 plate,Punjab,50
Shahi Egg Curry,"Eggs, Onion, Tomato, Spices, Cream",350,12,22,22,Non-Vegetarian,Dinner,1 bowl,North India,60
Dal Makhani,"Black Lentils, Cream, Butter, Spices",350,25,15,20,Vegetarian,Dinner,1 bowl,Punjab,60
Punjabi Dal Tadka,"Yellow Lentils, Onion, Tomato, Spices",220,35,10,5,Vegetarian,Lunch,1 bowl,North India,35
Kashmiri Rajma,"Kidney Beans, Spices",300,40,15,8,Vegetarian,Lunch,1 bowl,Kashmir,45
Paneer Tamatar Ki Subzi,"Paneer, Tomato, Spices",320,15,18,20,Vegetarian,Lunch,1 bowl,North India,50
Kashmiri Paneer,"Paneer, Spices",350,15,20,22,Vegetarian,Dinner,1 bowl,Kashmir,60
Paneer Pulao,"Rice, Paneer, Vegetables, Spices",300,40,10,10,Vegetarian,Lunch,1 plate,North India,40
Tawa Pulao,"Rice, Vegetables, Spices",280,40,6,10,Vegetarian,Lunch,1 plate,Maharashtra,35
Aloo Fry,"Potato, Spices",150,20,3,7,Vegetarian,Side Dish,1 bowl,South India,25
Raw Banana Methi Subzi,"Raw Banana, Fenugreek Leaves, Spices",160,22,4,6,Vegetarian,Lunch,1 bowl,North India,30
French Beans and Carrot Thoran,"French Beans, Carrot, Coconut, Mustard Seeds, Curry Leaves",150,15,5,8,Vegetarian,Lunch,1 cup,Kerala,30
Pau Bhaji,"Potato, Mixed Vegetables, Butter, Pav",420,45,9,20,Vegetarian,Dinner,1 plate,Maharashtra,40
Paneer Fishcakes with Chutney,"Paneer, Potatoes, Spices, Breadcrumbs, Mint Chutney",280,20,12,16,Vegetarian,Snack,2 fishcakes,North India,50
Indian Spiced Pizza,"Pizza Base, Tomato Sauce, Paneer/Chicken, Vegetables, Spices",350,35,15,15,Vegetarian/Non-Vegetarian,Dinner,1 slice,Fusion,60
Cardamom Chicken,"Chicken, Cardamom, Yogurt, Spices",320,10,25,20,Non-Vegetarian,Dinner,1 bowl,North India,80
Gullfrazie Chicken and Cashew Nut Curry,"Chicken, Cashew Nuts, Onion, Tomato, Spices",400,15,30,25,Non-Vegetarian,Dinner,1 bowl,North India,90
Spinach and Paneer Koftas,"Spinach, Paneer, Potato, Spices, Cream",300,20,10,20,Vegetarian,Dinner,4 koftas,North India,60
Achaari Salmon Wraps,"Salmon, Pickling Spices, Yogurt, Wheat Tortilla",350,30,20,18,Non-Vegetarian,Lunch,1 wrap,Fusion,70
Basmati Rice Pilaf with Apricots,"Basmati Rice, Apricots, Spices, Nuts",250,40,5,8,Vegetarian,Lunch,1 plate,Mughlai,40
Slow Cooker Chicken Curry,"Chicken, Onion, Tomato, Spices",300,10,25,18,Non-Vegetarian,Dinner,1 bowl,North India,70
Paneer Pakoras,"Paneer, Gram Flour, Spices, Oil",250,20,12,15,Vegetarian,Snack,4 pieces,North India,40
Sprouts Salad,"Mixed Sprouts, Onion, Tomato, Cucumber, Lemon Juice",150,20,8,4,Vegetarian,Snack,1 bowl,Pan India,30
Gujarati Kadhi,"Yogurt, Gram Flour, Spices, Jaggery",180,20,6,8,Vegetarian,Lunch,1 bowl,Gujarat,30
Brown Rice Bowl with Curried Roasted Cauliflower,"Brown Rice, Cauliflower, Curry Powder, Spices",300,40,10,10,Vegetarian,Lunch,1 bowl,Fusion,50
Curried Chicken Salad,"Chicken, Yogurt, Curry Powder, Spices, Celery, Onion",320,15,25,18,Non-Vegetarian,Lunch,1 bowl,Fusion,60
Lobster Rolls with Curry Mayonnaise,"Lobster Meat, Curry Powder, Mayonnaise, Bread Rolls",400,30,20,25,Non-Vegetarian,Lunch,1 roll,Fusion,80
Crab and Coconut Samosas,"Crab Meat, Coconut, Spices, Refined Flour",280,25,8,15,Non-Vegetarian,Snack,2 samosas,Goa,50
Onion Bhajis,"Onion, Gram Flour, Spices, Oil",200,20,6,10,Vegetarian,Snack,4 bhajis,Maharashtra,30
Daal,"Lentils, Spices",200,30,12,5,Vegetarian,Lunch,1 bowl,Pan India,30
Daal Fry,"Lentils, Onion, Tomato, Spices",220,35,10,5,Vegetarian,Lunch,1 bowl,North India,35
Moong Dal Khichdi,"Moong Dal, Rice, Spices, Vegetables",250,35,10,5,Vegetarian,Lunch,1 bowl,North India,30
Baingan Bharta,"Eggplant, Onion, Tomato, Spices",180,15,4,10,Vegetarian,Lunch,1 bowl,North India,20
Mix Veg Curry,"Mixed Vegetables, Onion, Tomato, Spices",200,25,7,8,Vegetarian,Lunch,1 bowl,North India,35
Lauki Kofta Curry,"Bottle Gourd, Gram Flour, Onion, Tomato, Spices",250,20,8,15,Vegetarian,Lunch,1 bowl,North India,40
Methi Thepla (with curd),"Wheat Flour, Fenugreek Leaves, Spices, Yogurt",280,30,8,14,Vegetarian,Breakfast,1 thepla + 1 bowl,Gujarat,40
Stuffed Capsicum,"Capsicum, Potato, Spices, Onion",200,25,5,8,Vegetarian,Lunch,1 capsicum,North India,35
Gajar ka Halwa (as dessert),"Carrot, Milk, Sugar, Ghee, Cashews, Raisins",300,45,6,10,Vegetarian,Dessert,1 bowl,North India,40
Spinach Moong Dal Cheela,"Spinach, Moong Dal, Spices",180,20,9,4,Vegetarian,Breakfast,1 cheela,North India,30
Protein Shake,"Protein Powder, Milk/Yogurt, Fruits, Nuts",250,20,25,8,Vegetarian,Breakfast/Snack,1 glass,Pan India,50
Papaya Multigrain Roti,"Papaya, Multigrain Flour, Spices",220,30,7,6,Vegetarian,Breakfast,1 roti,Pan India,30
Fish Curry,"Fish, Onion, Tomato, Spices",280,10,20,18,Non-Vegetarian,Lunch,1 bowl,South India,70
Greek Salad,"Cucumber, Tomato, Onion, Olives, Feta Cheese, Olive Oil",200,15,8,12,Vegetarian,Lunch,1 bowl,Mediterranean,40
Mushroom Matar Paneer Curry,"Mushroom, Peas, Paneer, Onion, Tomato, Spices",320,15,18,20,Vegetarian,Dinner,1 bowl,North India,55
Tofu Vegetable Salad,"Tofu, Mixed Vegetables, Lettuce, Olive Oil, Lemon Juice",180,15,10,8,Vegetarian,Lunch,1 bowl,Pan India,35
Overnight Oats Berries Bowl,"Oats, Milk/Yogurt, Berries, Nuts, Seeds",220,30,8,8,Vegetarian,Breakfast,1 bowl,Pan India,40
Overnight Oats Berries Bowl,"Oats, Milk/Yogurt, Berries, Nuts, Seeds",220,30,8,8,Vegetarian,Breakfast,1 bowl,Pan India,40
Seasonal Fruit,Assorted Seasonal Fruits,100,25,1,0,Vegetarian,Snack,1 bowl,Pan India,25
Brown Rice,"Brown Rice, Water",220,45,5,2,Vegetarian,Lunch,1 cup cooked,Pan India,30
Lauki Chana Dal,"Bottle Gourd, Chana Dal, Spices",200,25,8,5,Vegetarian,Lunch,1 bowl,North India,35
Egg Curry (Anda Curry),"Eggs, Onion, Tomato, Spices",320,10,20,20,Non-Vegetarian,Lunch,1 bowl,North India,50
Chana Salad,"Chickpeas, Onion, Tomato, Cucumber, Lemon Juice",180,25,10,4,Vegetarian,Lunch,1 bowl,Pan India,30
Quinoa Vegetable Khichdi,"Quinoa, Vegetables, Lentils, Spices",280,35,12,8,Vegetarian,Lunch,1 bowl,Pan India,45
Shahi Paneer,"Paneer, Tomato, Cream, Cashews, Spices",400,20,15,30,Vegetarian,Dinner,1 bowl,North India,70
Vegetable Salad,"Mixed Vegetables, Lettuce, Olive Oil, Lemon Juice",150,15,5,7,Vegetarian,Lunch,1 bowl,Pan India,30
Boiled Eggs,Eggs,70,1,6,5,Non-Vegetarian,Breakfast/Snack,2 eggs,Pan India,20
Steamed Vegetables,Assorted Steamed Vegetables,100,15,5,2,Vegetarian,Lunch,1 bowl,Pan India,25
Lemon Gravy Chicken,"Chicken, Lemon, Spices",280,8,25,15,Non-Vegetarian,Dinner,1 bowl,Pan India,60
Greek Yogurt,Greek Yogurt,150,7,20,4,Vegetarian,Breakfast/Snack,1 cup,Pan India,40
Tofu Curry,"Tofu, Onion, Tomato, Spices",220,15,12,10,Vegetarian,Lunch,1 bowl,Pan India,40
Sprouts Salad,"Mixed Sprouts, Onion, Tomato, Cucumber, Lemon Juice",150,20,8,4,Vegetarian,Snack,1 bowl,Pan India,30
Apple Peanut Butter Smoothie (with Whey Protein),"Apple, Peanut Butter, Whey Protein, Milk/Yogurt",350,30,30,15,Vegetarian,Breakfast,1 glass,Pan India,60
Multigrain Chapati,"Multigrain Flour, Water, Oil",120,22,4,2,Vegetarian,Lunch/Dinner,1 chapati,Pan India,15
Egg Bhurji,"Eggs, Onion, Tomato, Spices",180,5,12,12,Non-Vegetarian,Breakfast,1 bowl,Pan India,30
Cucumber Raita,"Yogurt, Cucumber, Spices",80,8,5,3,Vegetarian,Lunch/Snack,1 bowl,North India,20
Sauteed Vegetables,"Mixed Vegetables, Olive Oil, Spices",150,15,5,8,Vegetarian,Lunch/Dinner,1 bowl,Pan India,30
Multigrain Millet Vegetable Khichdi,"Multigrain Millet, Vegetables, Lentils, Spices",280,35,12,8,Vegetarian,Lunch,1 bowl,Pan India,45
Curd,Yogurt,120,8,12,5,Vegetarian,Breakfast/Snack,1 cup,Pan India,25
Paneer Bhurji,"Paneer, Onion, Tomato, Spices",220,8,15,15,Vegetarian,Breakfast,1 bowl,North India,40
Low-fat Yogurt,Low-fat Yogurt,100,10,10,2,Vegetarian,Breakfast/Snack,1 cup,Pan India,30
Sprout Salad,"Mixed Sprouts, Onion, Tomato, Cucumber, Lemon Juice",150,20,8,4,Vegetarian,Snack,1 bowl,Pan India,30
Roasted Chickpeas,"Chickpeas, Spices, Oil",180,25,8,5,Vegetarian,Snack,1/2 cup,Pan India,30
Mixed Vegetable Sabzi,"Mixed Vegetables, Onion, Tomato, Spices",200,25,7,8,Vegetarian,Lunch,1 bowl,North India,35
Broccoli Cauliflower Sabzi,"Broccoli, Cauliflower, Spices",150,15,5,8,Vegetarian,Lunch,1 bowl,Pan India,35
Cauliflower Whole Grain Toast (with Almond Butter or Avocado),"Cauliflower, Whole Grain Toast, Almond Butter/Avocado, Spices",250,25,10,12,Vegetarian,Breakfast,1 slice,Pan India,45
Baked Sweet Potatoes,"Sweet Potatoes, Spices",150,30,3,2,Vegetarian,Snack,1 medium,Pan India,30
Whey Protein Shake,"Whey Protein, Milk/Water",150,5,25,2,Vegetarian,Post-Workout,1 shake,Pan India,50
Dextrose Monohydrate (Post-Workout),Dextrose Monohydrate,100,25,0,0,Vegetarian,Post-Workout,1 serving,Pan India,20
Avocado and White Bean Salad (with Cheese Dressing),"Avocado, White Beans, Cheese, Lettuce, Olive Oil, Lemon Juice",300,20,15,20,Vegetarian,Lunch,1 bowl,Fusion,55
Chicken Broccoli Salad (with Flax Oil Dressing),"Chicken, Broccoli, Lettuce, Flax Oil, Lemon Juice",250,10,25,12,Non-Vegetarian,Lunch,1 bowl,Pan India,60
Tandoori Chicken,"Chicken, Yogurt, Spices",250,3,27,13,Non-Vegetarian,Dinner,2 pieces,North India,80
Lauki Kofta,"Bottle Gourd, Gram Flour, Spices",250,20,8,15,Vegetarian,Lunch,1 bowl,North India,40
Paneer Tikka,"Paneer, Yogurt, Spices",280,12,18,20,Vegetarian,Dinner,6 pieces,North India,90
Dal Tadka,"Yellow Lentils, Onion, Tomato, Spices",210,36,8,6,Vegetarian,Lunch,1 bowl,North India,60
Mixed Bean Sabzi,"Mixed Beans, Onion, Tomato, Spices",200,25,10,5,Vegetarian,Lunch,1 bowl,North India,35
Chickpea Salad,"Chickpeas, Onion, Tomato, Cucumber, Lemon Juice",180,25,10,4,Vegetarian,Lunch,1 bowl,Pan India,30
Lentil Soup (Dal),"Lentils, Spices",200,30,12,5,Vegetarian,Lunch,1 bowl,Pan India,30
Grilled Chicken Breast,"Chicken Breast, Spices",165,0,31,3.6,Non-Vegetarian,Dinner,1 breast,Pan India,70
Cottage Cheese (Paneer),Paneer,265,4,28,15,Vegetarian,Snack,100 grams,North India,50
Greek Yogurt Parfait,"Greek Yogurt, Fruits, Granola",250,30,15,8,Vegetarian,Breakfast,1 parfait,Pan India,45
Oats Porridge,"Oats, Milk, Sugar/Honey",150,25,5,3,Vegetarian,Breakfast,1 bowl,Pan India,30
Sweet Potato Chaat,"Sweet Potato, Spices, Lemon Juice",180,30,3,5,Vegetarian,Snack,1 bowl,Pan India,30
"Fruit Salad (Banana, apple, mango,blueberry) ","Banana, apple, mango,blueberry",120,30,2,1,vegetarian,Snack,1 bowl,Pan India,60
Basmati Rice,"Basmati Rice, Water",220,45,5,2,Vegetarian,Lunch,1 cup cooked,Pan India,30
Quinoa Pulao,"Quinoa, Vegetables, Spices",250,35,10,8,Vegetarian,Lunch,1 bowl,Pan India,45
Whey Protein Shake,"Whey Protein, Milk/Water",150,5,25,2,Vegetarian,Post-Workout,1 shake,Pan India,50
